name,Current_Price
20MICRONS,226.7
21STCENMGM,71.02
360ONE,999.95
3IINFOLTD,24.9
3MINDIA,29230
3PLAND,48.05
5PAISA,409.4
63MOONS,857.3
A2ZINFRA,16.99
AAATECH,88
AADHARHFC,443.5
AAKASH,8.35
AAREYDRUGS,53.45
AARON,396
AARTECH,57.7
AARTIDRUGS,446.45
AARTIIND,468.85
AARTIPHARM,905
AARTISURF,562.1
AARVEEDEN,131.6
AARVI,118.93
AAVAS,1844
ABAN,46.8
ABB,5959
ABBOTINDIA,30620
ABCAPITAL,222
ABDL,399.5
ABFRL,85.85
ABINFRA,139.26
ABMINTLLTD,47.7
ABREL,2142.8
ABSLAMC,742.2
ACC,1877.4
ACCELYA,1390
ACCURACY,8.64
ACE,1248.5
ACEINTEG,26.38
ACI,620
ACL,64.5
ACLGATI,68.4
ACMESOLAR,261.7
ADANIENSOL,867.8
ADANIENT,2518
ADANIGREEN,1016
ADANIPORTS,1432.3
ADANIPOWER,543.9
ADFFOODS,234.65
ADL,89
ADOR,972.65
ADROITINFO,11.29
ADSL,219.99
ADVANIHOTR,61.51
ADVENZYMES,306
AEGISLOG,794.6
AEROFLEX,165.87
AETHER,745
AFCONS,422.4
AFFLE,1760
AFFORDABLE,397
AFIL,8.04
AFSL,212.57
AGARIND,970
AGARWALEYE,329
AGI,842
AGIIL,848.95
AGRITECH,161.25
AGROPHOS,33.4
AGSTRA,5.39
AHLADA,68.9
AHLEAST,144.98
AHLUCONT,974.35
AIAENG,3482.1
AIIL,2378
AIRAN,26.99
AIROLAM,94.35
AJANTPHARM,2510
AJAXENGG,653.75
AJMERA,848
AJOONI,5.89
AKASH,29.14
AKG,15.39
AKI,7.83
AKSHAR,0.61
AKSHARCHEM,246.22
AKSHOPTFBR,9.08
AKUMS,569.5
AKZOINDIA,3350
ALANKIT,14.35
ALBERTDAVD,801
ALEMBICLTD,110.5
ALICON,899.5
ALIVUS,1036
ALKALI,103
ALKEM,5102.5
ALKYLAMINE,1950
ALLCARGO,30.54
ALLDIGI,915.7
ALMONDZ,20.54
ALOKINDS,19.7
ALPA,98.8
ALPHAGEO,256.64
ALPSINDUS,2.26
AMBER,6474
AMBICAAGAR,31
AMBIKCO,1482
AMBUJACEM,551.6
AMDIND,50
AMIORG,1178
AMJLAND,57
AMNPLST,224.1
AMRUTANJAN,711.75
ANANDRATHI,1880
ANANTRAJ,561
ANDHRAPAP,77.1
ANDHRSUGAR,74.12
ANGELONE,3035
ANIKINDS,110.9
ANKITMETAL,2.3
ANMOL,17.64
ANSALAPI,3.81
ANTGRAPHIC,1.06
ANUHPHR,210.6
ANUP,2784
ANURAS,1005.75
APARINDS,8105
APCL,139.18
APCOTEXIND,364
APEX,230.25
APLAPOLLO,1800
APLLTD,1018.9
APOLLO,187.68
APOLLOHOSP,6886
APOLLOPIPE,455.3
APOLLOTYRE,470.5
APOLSINHOT,1321.1
APTECHT,161
APTUS,339.45
ARCHIDPLY,95.5
ARCHIES,21
ARE&M,1032.5
ARENTERP,50
ARIES,297.95
ARIHANTCAP,69.53
ARIHANTSUP,366
ARKADE,184
ARMANFIN,1600
AROGRANITE,41.19
ARROWGREEN,638
ARSHIYA,2.8
ARTEMISMED,278.15
ARTNIRMAN,48.65
ARVEE,184.95
ARVIND,359.2
ARVINDFASN,459.5
ARVSMART,673.95
ASAHIINDIA,751
ASAHISONG,423
ASAL,483
ASALCBR,1090
ASHAPURMIN,422.5
ASHIANA,317
ASHIMASYN,31.12
ASHOKA,219.6
ASHOKAMET,17.82
ASHOKLEY,236.1
ASIANENE,310.2
ASIANHOTNR,384.75
ASIANPAINT,2261
ASIANTILES,59.65
ASKAUTOLTD,450
ASMS,15
ASPINWALL,282
ASTEC,672
ASTERDM,561
ASTRAL,1500.1
ASTRAMICRO,1094
ASTRAZEN,7980
ASTRON,20.51
ATALREAL,15.95
ATAM,101.3
ATGL,681.4
ATHERENERG,312.4
ATL,28.88
ATLANTAA,37.31
ATLASCYCLE,159.5
ATUL,7115
ATULAUTO,486.9
AUBANK,694
AURIONPRO,1330
AUROPHARMA,1150
AURUM,202.5
AUSOMENT,116.48
AUTOAXLES,1754.4
AUTOIND,89.62
AVADHSUGAR,532
AVALON,860
AVANTEL,140.75
AVANTIFEED,840.7
AVG,289
AVL,406
AVONMORE,21.5
AVROIND,181
AVTNPL,65.5
AWFIS,646
AWHCL,622.9
AWL,267.9
AXISBANK,1192
AXISCADES,1039.5
AXITA,9.51
AYMSYNTEX,228.34
AZAD,1782.9
BAFNAPH,74.98
BAGFILMS,7.1
BAIDFIN,10.69
BAJAJ-AUTO,8599
BAJAJCON,175
BAJAJELEC,684.9
BAJAJFINSV,2011.5
BAJAJHCARE,539
BAJAJHFL,122
BAJAJHIND,24.1
BAJAJHLDNG,13500
BAJAJINDEF,247.95
BAJEL,212
BAJFINANCE,9142
BALAJEE,50
BALAJITELE,80.55
BALAMINES,1444.9
BALAXI,50
BALKRISHNA,20.65
BALKRISIND,2470
BALMLAWRIE,212.85
BALPHARMA,97.2
BALRAMCHIN,588.7
BALUFORGE,700
BANARBEADS,126.99
BANARISUG,4140
BANCOINDIA,570
BANDHANBNK,170
BANG,53.55
BANKA,67.3
BANKBARODA,250.48
BANKINDIA,121.95
BANSALWIRE,361.1
BANSWRAS,147
BARBEQUE,300.4
BASF,5205
BASML,32.27
BATAINDIA,1265.5
BAYERCROP,5675
BBL,2975
BBOX,516.4
BBTC,2011.5
BBTCL,150
BCLIND,41.7
BCONCEPTS,337
BDL,2007
BEARDSELL,29.76
BECTORFOOD,1452
BEDMUTHA,158.11
BEL,385.2
BEML,4225
BEPL,119.74
BERGEPAINT,569
BESTAGRO,333.5
BFINVEST,500.5
BFUTILITIE,744
BGRENERGY,112.05
BHAGCHEM,309.55
BHAGERIA,184.9
BHAGYANGR,77.3
BHANDARI,5.53
BHARATFORG,1239.2
BHARATGEAR,85.6
BHARATRAS,9022
BHARATSE,103.49
BHARATWIRE,182.3
BHARTIARTL,1859.7
BHARTIHEXA,1826
BHEL,260.1
BIGBLOC,66.1
BIKAJI,765
BIL,729.9
BINANIIND,15.1
BIOCON,334.45
BIOFILCHEM,49.7
BIRLACABLE,182
BIRLACORPN,1373
BIRLAMONEY,185.4
BIRLANU,2299
BLACKBUCK,440
BLAL,202.15
BLBLIMITED,14.63
BLISSGVS,131
BLKASHYAP,70.9
BLS,406.85
BLSE,213.5
BLUECOAST,26.09
BLUEDART,6620
BLUEJET,901.5
BLUESTARCO,1527.5
BODALCHEM,74.7
BOHRAIND,34.81
BOMDYEING,153.9
BOROLTD,363
BORORENEW,540.1
BOROSCI,139
BOSCHLTD,31385
BPCL,317.5
BPL,83.05
BRIGADE,1097.1
BRITANNIA,5496
BRNL,23
BROOKS,143.33
BSE,2669
BSHSL,136
BSL,148.38
BSOFT,399.35
BTML,8
BUTTERFLY,768
BVCL,39.46
BYKE,98.11
CALSOFT,10.37
CAMLINFINE,232
CAMPUS,289.01
CAMS,3962
CANBK,114.6
CANFINHOME,786
CANTABIL,235.5
CAPACITE,328.5
CAPITALSFB,296.55
CAPLIPOINT,2155.5
CAPTRUST,95.25
CARBORUNIV,996
CARERATING,1795
CARRARO,456.5
CARTRADE,1558
CARYSIL,829.65
CASTROLIND,215.85
CCCL,20.15
CCHHL,15.8
CCL,892
CDSL,1530.5
CEATLTD,3800
CEIGALL,249.9
CELEBRITY,13.33
CELLO,618.8
CENTENKA,466.1
CENTEXT,20.98
CENTRALBK,39
CENTRUM,34
CENTUM,2511
CENTURYPLY,778
CERA,6351
CEREBRAINT,5.66
CESC,162.94
CEWATER,586.9
CGCL,151.8
CGPOWER,683
CHALET,918
CHAMBLFERT,549
CHEMBOND,243.1
CHEMCON,197.94
CHEMFAB,790
CHEMPLASTS,425
CHENNPETRO,668.65
CHEVIOT,1090
CHOICEIN,701.25
CHOLAFIN,1597.5
CHOLAHLDNG,1889.9
CIEINDIA,450.9
CIFL,36.5
CIGNITITEC,1588
CINELINE,91.6
CINEVISTA,14.4
CIPLA,1463.9
CLEAN,1565
CLEDUCATE,87.66
CLSEL,345.6
CMSINFO,493
COALINDIA,397.4
COASTCORP,39.52
COCHINSHIP,1943.6
COFFEEDAY,31.82
COFORGE,8549
COHANCE,1055
COLPAL,2455
COMPUSOFT,21.51
COMSYN,110.1
CONCOR,778.55
CONCORDBIO,1752
CONFIPET,58.84
CONSOFINVT,197.12
CONTROLPR,717.1
CORALFINAC,46
CORDSCABLE,197.13
COROMANDEL,2285
COSMOFIRST,1182
COUNCODOS,7.57
CPCAP,166.2
CRAFTSMAN,5609.9
CREATIVE,700.05
CREATIVEYE,6.77
CREDITACC,1145.8
CREST,400
CRISIL,5248.9
CROMPTON,352.4
CROWN,168.26
CSBBANK,366.9
CSLFINANCE,320.9
CTE,50.46
CUB,195
CUBEXTUB,94.5
CUMMINSIND,3270
CUPID,108
CURAA,103.95
CYBERMEDIA,15.14
CYBERTECH,155
CYIENT,1342
CYIENTDLM,483
DABUR,483.4
DALBHARAT,2016.8
DALMIASUG,432.2
DAMCAPITAL,268
DAMODARIND,38.35
DANGEE,4.42
DATAMATICS,604.8
DATAPATTNS,2843
DAVANGERE,3.69
DBCORP,250.8
DBEIL,155.8
DBL,492.85
DBOL,75.95
DBREALTY,193
DBSTOCKBRO,29.05
DCAL,266.6
DCBBANK,146.7
DCI,282.05
DCM,102.5
DCMFINSERV,7.05
DCMNVL,183.7
DCMSHRIRAM,1075
DCMSRIND,166
DCW,76.9
DCXINDIA,306
DDEVPLSTIK,274.35
DECCANCE,725.75
DEEDEV,292.8
DEEPAKFERT,1480.4
DEEPAKNTR,2029
DEEPINDS,431.15
DELHIVERY,358.55
DELPHIFX,125.5
DELTACORP,92.49
DELTAMAGNT,82.5
DEN,37.75
DENORA,831
DENTA,279.3
DEVIT,104.7
DEVYANI,167.56
DGCONTENT,42.5
DHAMPURSUG,146.7
DHANBANK,31.69
DHANI,59.6
DHANUKA,1646
DHARMAJ,237
DHRUV,72
DHUNINV,1450
DIACABS,112.8
DIAMINESQ,380.4
DIAMONDYD,1134.4
DICIND,660.1
DIFFNKG,279.11
DIGIDRIVE,33.3
DIGISPICE,20.9
DIGJAMLMTD,39.99
DIL,2.57
DISHTV,6.3
DIVGIITTS,555.5
DIVISLAB,6610
DIXON,14680
DJML,113.02
DLF,796.8
DLINKINDIA,483.75
DMART,4007
DMCC,272.45
DNAMEDIA,5.33
DODLA,1225
DOLATALGO,101.2
DOLLAR,397.8
DOLPHIN,437.95
DOMS,2450
DONEAR,109.29
DPABHUSHAN,1510.1
DPSCLTD,13.31
DPWIRES,264.88
DRCSYSTEMS,18.69
DREAMFOLKS,256
DREDGECORP,808.4
DRREDDY,1251
DSSL,1090
DTIL,186.5
DUCON,6.88
DVL,330
DWARKESH,47.6
DYCL,870
DYNAMATECH,6840
DYNPRO,280
E2E,2866
EASEMYTRIP,11.28
ECLERX,3520
ECOSMOBLTY,284
EDELWEISS,108
EICHERMOT,5354
EIDPARRY,948.95
EIEL,237.85
EIFFL,218.55
EIHAHOTELS,386.5
EIHOTEL,371.3
EIMCOELECO,2405
EKC,131
ELDEHSG,815.15
ELECON,662.95
ELECTCAST,102.66
ELECTHERM,1049.9
ELGIEQUIP,535
ELGIRUBCO,62.5
ELIN,169.35
EMAMILTD,587
EMAMIPAP,98.4
EMAMIREAL,109
EMBDL,111
EMCURE,1330
EMIL,120.69
EMKAY,236.46
EMMBI,112
EMSLIMITED,597.4
EMUDHRA,775.8
ENDURANCE,2424
ENERGYDEV,19.39
ENGINERSIN,227.99
ENIL,149.01
ENTERO,1221.3
EPACK,371.7
EPIGRAL,1775
EPL,247
EQUIPPP,20.24
EQUITASBNK,63.89
ERIS,1575.1
ESABINDIA,5025.1
ESAFSFB,31.1
ESCORTS,3319
ESSARSHPNG,32.88
ESSENTIA,2.31
ESTER,141
ETERNAL,239.75
ETHOSLTD,2843.9
EUREKAFORB,638.3
EUROTEXIND,15.75
EVEREADY,309.4
EVERESTIND,490
EXCEL,0.73
EXCELINDUS,1164
EXICOM,179.33
EXIDEIND,386
EXPLEOSOL,1056
EXXARO,7.98
FACT,880
FAIRCHEMOR,845
FAZE3Q,552
FCL,238.89
FCSSOFT,2.63
FDC,438.7
FEDERALBNK,202.2
FEDFINA,97.57
FEL,0.61
FELDVR,3.54
FIBERWEB,51.01
FIEMIND,1600
FILATEX,57.32
FILATFASH,0.53
FINCABLES,970.15
FINEORG,4677
FINOPB,239.1
FINPIPE,218
FIRSTCRY,347
FIVESTAR,708
FLAIR,277.85
FLEXITUFF,35
FLUOROCHEM,3550
FMGOETZE,447
FMNL,14.2
FOCUS,93.5
FOODSIN,97.7
FORCEMOT,12696
FORTIS,709.9
FOSECOIND,4620
FSC,2.06
FSL,371
FUSION,169.46
GABRIEL,658.9
GAEL,115.8
GAIL,189.8
GALAPREC,905
GALAXYSURF,2310
GALLANTT,460.3
GANDHAR,179.58
GANDHITUBE,696.9
GANECOS,1531
GANESHBE,112.1
GANESHHOUC,1007
GANGAFORGE,4.39
GANGESSECU,161
GARFIBRES,860.05
GARUDA,114.5
GATECH,0.78
GATECHDVR,0.89
GATEWAY,63.93
GAYAHWS,1.18
GEECEE,396.2
GEEKAYWIRE,72
GENCON,37.32
GENESYS,742
GENSOL,60.48
GENUSPAPER,19.93
GENUSPOWER,395.9
GEOJITFSL,84.36
GEPIL,254.5
GESHIP,931
GFLLIMITED,65.94
GHCL,614.5
GHCLTEXTIL,91.51
GICHSGFIN,188.5
GICRE,407.45
GILLANDERS,125.5
GILLETTE,9423
GINNIFILA,38.5
GIPCL,196
GKWLIMITED,2098
GLAND,1582.5
GLAXO,3298
GLENMARK,1461
GLFL,4.16
GLOBAL,60.35
GLOBALE,16
GLOBALVECT,242.4
GLOBE,2.41
GLOBUSSPR,949.9
GLOSTERLTD,619
GMBREW,701
GMDCLTD,358
GMMPFAUDLR,1132
GMRAIRPORT,84.01
GMRP&UI,113.9
GNA,342.5
GNFC,535.8
GOACARBON,487.5
GOCLCORP,304
GOCOLORS,842
GODAVARIB,283
GODFRYPHLP,8702.5
GODHA,0.52
GODIGIT,342.6
GODREJAGRO,753.8
GODREJCP,1231.2
GODREJIND,1192
GODREJPROP,2235.7
GOENKA,0.86
GOKEX,980.05
GOKUL,49.25
GOKULAGRO,246
GOLDENTOBC,36.09
GOLDIAM,378
GOLDTECH,69.5
GOODLUCK,940
GOPAL,340.05
GOYALALUM,8.24
GPIL,192
GPPL,156.38
GPTHEALTH,153
GPTINFRA,140.3
GRANULES,529.9
GRAPHITE,543.65
GRASIM,2536
GRAVITA,1839.5
GREAVESCOT,199.24
GREENLAM,262.8
GREENPANEL,255
GREENPLY,323.9
GREENPOWER,13.05
GRINDWELL,1785
GRINFRA,1280
GRMOVER,300
GROBTEA,998
GRPLTD,2850
GRSE,2999
GRWRHITECH,4650
GSFC,199.5
GSLSU,128.5
GSPL,328
GSS,34.95
GTECJAINX,26.2
GTL,8.7
GTLINFRA,1.5
GTPL,112.95
GUFICBIO,389.05
GUJALKALI,578.5
GUJAPOLLO,344.1
GUJGASLTD,460
GUJRAFFIA,38.55
GUJTHEM,307.1
GULFOILLUB,1181.7
GULFPETRO,50.43
GULPOLY,184.7
GVKPIL,4.36
GVPTECH,9.95
GVT&D,2234.8
HAL,4965.2
HAPPSTMNDS,593.8
HAPPYFORGE,971
HARDWYN,14.02
HARIOMPIPE,389.1
HARRMALAYA,206.25
HARSHA,395
HATHWAY,15.97
HATSUN,967
HAVELLS,1525.6
HAVISHA,2.02
HBLENGINE,598.35
HBSL,78.7
HCC,33.74
HCG,540
HCL-INSYS,17.68
HCLTECH,1631.5
HDFCAMC,4783
HDFCBANK,1941.5
HDFCLIFE,776.25
HEADSUP,10.3
HECPROJECT,137.5
HEG,522.5
HEIDELBERG,197.8
HEMIPROP,132.52
HERANBA,293.9
HERCULES,164.2
HERITGFOOD,403.8
HEROMOTOCO,4310.1
HESTERBIO,1782.2
HEUBACHIND,586
HEXATRADEX,184.55
HEXT,858
HFCL,87.49
HGINFRA,1119
HGS,512.2
HIKAL,372.75
HILTON,77.5
HIMATSEIDE,150.59
HINDALCO,633.7
HINDCOMPOS,510
HINDCON,36.7
HINDCOPPER,247
HINDMOTORS,33.79
HINDNATGLS,16.36
HINDOILEXP,174.8
HINDPETRO,409.8
HINDUNILVR,2346
HINDWAREAP,270
HINDZINC,457.2
HIRECT,1280
HISARMETAL,197.5
HITECH,95.5
HITECHCORP,185.95
HITECHGEAR,617.95
HLEGLAS,426.5
HLVLTD,13.8
HMAAGRO,36.25
HMT,59.17
HMVL,89
HNDFDS,547
HOMEFIRST,1273
HONASA,312
HONAUT,38505
HONDAPOWER,2910
HOVS,60.96
HPAL,51.4
HPIL,138.1
HPL,572
HSCL,469.5
HTMEDIA,19.52
HUBTOWN,178.04
HUDCO,241.45
HUHTAMAKI,204.8
HYBRIDFIN,12.35
HYUNDAI,1844.9
ICDSLTD,54.2
ICEMAKE,840
ICICIBANK,1446.1
ICICIGI,1872
ICICIPRULI,661.25
ICIL,293
ICRA,6675
IDBI,96.63
IDEA,6.91
IDEAFORGE,530.4
IDFCFIRSTB,68.1
IEL,19.21
IEX,199.92
IFBAGRO,710
IFBIND,1390.3
IFCI,67
IFGLEXPOR,525
IGARASHI,481.4
IGIL,389.35
IGL,206.9
IGPL,460.5
IIFL,432.5
IIFLCAPS,305.5
IITL,171
IKIO,219.9
IKS,1511.1
IL&FSENGG,37.99
IL&FSTRANS,3.3
IMAGICAA,67.26
IMFA,615.1
IMPAL,1057
IMPEXFERRO,2.15
INCREDIBLE,45.77
INDBANK,35.21
INDGN,597.7
INDHOTEL,768.85
INDIACEM,312.8
INDIAGLYCO,1885
INDIAMART,2328
INDIANB,614
INDIANCARD,340
INDIANHUME,426.15
INDIASHLTR,875
INDIGO,5325
INDIGOPNTS,1079.15
INDNIPPON,718.4
INDOAMIN,144
INDOBORAX,187.38
INDOCO,250.1
INDOFARM,164.68
INDORAMA,45.5
INDOSTAR,342
INDOTECH,1958
INDOTHAI,1900
INDOUS,169.3
INDOWIND,21.1
INDRAMEDCO,440
INDSWFTLAB,82.5
INDSWFTLTD,15.87
INDTERRAIN,42.02
INDUSINDBK,818.45
INDUSTOWER,382.25
INFIBEAM,21.78
INFOBEAN,356.7
INFOMEDIA,6.3
INFY,1561.9
INGERRAND,3899
INNOVACAP,873
INNOVANA,351.1
INOXGREEN,183.5
INOXINDIA,1195
INOXWIND,195
INSECTICID,840
INSPIRISYS,105.25
INTELLECT,1168.8
INTENTECH,95.75
INTERARCH,2223
INTLCONV,82.5
INVENTURE,1.63
IOB,39.84
IOC,141.98
IOLCP,87.71
IONEXCHANG,546
IPCALAB,1427.9
IPL,207.75
IRB,51.2
IRCON,190.35
IRCTC,757
IREDA,175.04
IRFC,138.9
IRIS,259.95
IRISDOREME,60.4
IRMENERGY,284.9
ISFT,114.85
ISGEC,1215
ISHANCH,39.51
ITC,418.75
ITCHOTELS,216.59
ITDC,620
ITDCEM,716
ITI,346.6
IVC,9.44
IVP,180.5
IWEL,11560
IXIGO,174.1
IZMO,310.05
J&KBANK,103.65
JAGRAN,76.74
JAGSNPHARM,237.88
JAIBALAJI,104.9
JAICORPLTD,112.3
JAIPURKURT,42.44
JAMNAAUTO,91.92
JASH,552.05
JAYAGROGN,263
JAYBARMARU,77.49
JAYNECOIND,40.35
JAYSREETEA,104.9
JBCHEPHARM,1684
JBMA,716.5
JCHAC,1675
JETFREIGHT,14.93
JGCHEM,376.45
JHS,13.56
JINDALPHOT,859.85
JINDALPOLY,636.3
JINDALSAW,211.8
JINDALSTEL,947.45
JINDRILL,648
JINDWORLD,60.69
JIOFIN,286.2
JISLDVREQS,30.25
JISLJALEQS,57.07
JITFINFRA,386.55
JKCEMENT,5464.5
JKIL,706.7
JKLAKSHMI,846.7
JKPAPER,365.5
JKTYRE,374.55
JLHL,1451
JMA,98.5
JMFINANCIL,127.75
JNKINDIA,354.55
JOCIL,162.1
JPOLYINVST,836
JPPOWER,15.58
JSFB,484.45
JSL,641.8
JSWENERGY,488.45
JSWHL,22900
JSWINFRA,289.95
JSWSTEEL,994
JTEKTINDIA,138.76
JTLIND,67.7
JUBLCPL,1561
JUBLFOOD,656
JUBLINGREA,702
JUBLPHARMA,1166
JUNIPER,307
JUSTDIAL,888.8
JWL,396
JYOTHYLAB,345
JYOTICNC,1292.7
JYOTISTRUC,20.18
KABRAEXTRU,265
KAJARIACER,1040
KAKATCEM,154.55
KALAMANDIR,127.35
KALYANI,119.3
KALYANIFRG,744.45
KALYANKJIL,560
KAMATHOTEL,239.5
KAMDHENU,34.14
KAMOPAINTS,11.65
KANANIIND,2.18
KANORICHEM,94.15
KANPRPLA,243.9
KANSAINER,254.5
KAPSTON,250
KARMAENG,61.45
KARURVYSYA,222
KAUSHALYA,903
KAVVERITEL,49.48
KAYA,335
KAYNES,5968
KBCGLOBAL,0.37
KCP,211
KCPSUGIND,36.83
KDDL,2673.5
KEC,830.75
KECL,128.1
KEEPLEARN,3.81
KEI,3606
KELLTONTEC,128.05
KERNEX,1163.75
KESORAMIND,5.78
KEYFINSERV,307.75
KFINTECH,1075.5
KHADIM,296.05
KHAICHEM,78.85
KHAITANLTD,140.67
KHANDSE,23.02
KICL,5007
KILITCH,443
KIMS,682
KINGFA,3480
KIOCL,301.35
KIRIINDUS,643.9
KIRLOSBROS,1820
KIRLOSENG,906.5
KIRLOSIND,3710.6
KITEX,297
KKCL,437.7
KMEW,1542.1
KMSUGAR,29.3
KNRCON,211.35
KOHINOOR,37.52
KOKUYOCMLN,109.87
KOLTEPATIL,406.15
KOPRAN,183
KOTAKBANK,2077.3
KOTARISUG,38.59
KOTHARIPET,164
KOTHARIPRO,84.96
KPEL,557
KPIGREEN,486.7
KPIL,1145
KPITTECH,1334.9
KPRMILL,1123.6
KRBL,351.9
KREBSBIO,75
KRIDHANINF,4.11
KRISHANA,373.75
KRITI,142.15
KRITIKA,10.03
KRITINUT,112.02
KRN,767
KRONOX,172.5
KROSS,174.5
KRSNAA,639.1
KRYSTAL,613
KSB,848
KSCL,1437.2
KSHITIJPOL,3.27
KSL,789.2
KSOLVES,330.3
KTKBANK,198.1
KUANTUM,113.65
LAGNAM,106.73
LAKPRE,5.17
LAL,12.07
LALPATHLAB,2775.8
LAMBODHARA,142.8
LANCORHOL,20.7
LANDMARK,460.55
LAOPALA,245.2
LASA,14.7
LATENTVIEW,415
LATTEYS,23.01
LAURUSLABS,610.5
LAXMICOT,27.9
LAXMIDENTL,385
LCCINFOTEC,4.93
LEMONTREE,139.6
LEXUS,31.7
LFIC,223
LGBBROSLTD,1283
LGHL,555
LIBAS,13.46
LIBERTSHOE,434
LICHSGFIN,595.75
LICI,952.05
LIKHITHA,286
LINC,153
LINCOLN,543.4
LINDEINDIA,7500
LLOYDSENGG,60.85
LLOYDSENT,62.7
LLOYDSME,1391.6
LMW,16749
LODHA,1422
LOKESHMACH,168.42
LORDSCHLO,168.66
LOTUSEYE,71.5
LOVABLE,97.9
LOYALTEX,292
LPDC,8.3
LT,3672
LTF,171.4
LTFOODS,439
LTIM,5056
LTTS,4365
LUMAXIND,2959
LUMAXTECH,793.9
LUPIN,1954.9
LUXIND,1483
LXCHEM,203
LYKALABS,122.39
LYPSAGEMS,8.34
M&M,2971
M&MFIN,260.35
M&MFIN-RE1,65.2
MAANALU,114.3
MACPOWER,906.5
MADHAV,47.29
MADHUCON,8.47
MADRASFERT,90.5
MAGADSUGAR,749.5
MAGNUM,27.15
MAHABANK,53.99
MAHAPEXLTD,117.55
MAHASTEEL,315.85
MAHEPC,140.95
MAHESHWARI,58
MAHLIFE,346.25
MAHLOG,318.5
MAHSCOOTER,13420
MAHSEAMLES,692.3
MAITHANALL,1112
MALLCOM,1135
MALUPAPER,39.3
MAMATA,439.5
MANAKALUCO,27.14
MANAKCOAT,110
MANAKSIA,69
MANAKSTEEL,64.44
MANALIPETC,57.25
MANAPPURAM,237.67
MANBA,140.05
MANCREDIT,190.6
MANGALAM,80
MANGCHEFER,264
MANGLMCEM,806.9
MANINDS,376.8
MANINFRA,164
MANKIND,2465.1
MANOMAY,169.5
MANORAMA,1465
MANORG,578
MANUGRAPH,22.48
MANYAVAR,796
MAPMYINDIA,1922.2
MARALOVER,73.1
MARATHON,484
MARICO,718
MARINE,202
MARKSANS,260.3
MARSHALL,11.1
MARUTI,12323
MASFIN,292.7
MASKINVEST,164.05
MASTEK,2325
MASTERTR,154.26
MATRIMONY,500
MAWANASUG,101.58
MAXESTATES,522.4
MAXHEALTH,1125
MAXIND,181.98
MAYURUNIQ,585
MAZDA,249.95
MAZDOCK,3475
MBAPL,340
MBLINFRA,43.8
MCL,58.9
MCLEODRUSS,31.84
MCLOUD,76.8
MCX,6613
MEDANTA,1185
MEDIASSIST,499.2
MEDICAMEQ,429.5
MEDICO,52
MEDPLUS,960.7
MEGASOFT,84.2
MEGASTAR,261.85
MENONBE,122.24
MEP,2.02
METROBRAND,1206.9
METROPOLIS,1684.6
MFML,31
MFSL,1500
MGEL,13.01
MGL,1325
MHLXMIRU,224.95
MHRIL,362.5
MICEL,57.4
MIDHANI,424.8
MINDACORP,523
MINDTECK,250.4
MIRCELECTR,14.99
MIRZAINT,31.05
MITCON,85.66
MITTAL,1.63
MKPL,7.11
MMFL,364
MMP,244
MMTC,83.9
MOBIKWIK,279.7
MODIRUBBER,133.99
MODISONLTD,166.9
MODTHREAD,47
MOHITIND,32.8
MOIL,377
MOKSH,15.07
MOL,81.45
MOLDTECH,136.4
MOLDTKPAC,669.7
MONARCH,306.15
MONTECARLO,600
MOREPENLAB,64.98
MOSCHIP,188.2
MOTHERSON,152.7
MOTILALOFS,806.5
MOTISONS,17.12
MOTOGENFIN,27.8
MPHASIS,2549.7
MPSLTD,2615.9
MRF,138700
MRPL,143.99
MSPL,27.65
MSTCLTD,555.9
MSUMI,58
MTARTECH,1648.2
MTEDUCARE,2
MTNL,47.75
MUFIN,76.78
MUFTI,173.07
MUKANDLTD,119.8
MUKKA,30.94
MUKTAARTS,79
MUNJALAU,83.07
MUNJALSHOW,140
MURUDCERA,40.8
MUTHOOTCAP,286
MUTHOOTFIN,2204
MUTHOOTMF,128.14
MVGJL,239.7
NACLIND,177.3
NAGAFERT,6.11
NAGREEKCAP,29.67
NAGREEKEXP,28.55
NAHARCAP,289
NAHARINDUS,138
NAHARPOLY,314.1
NAHARSPING,295.97
NAM-INDIA,740
NARMADA,17.74
NATCAPSUQ,216
NATCOPHARM,883
NATHBIOGEN,188.55
NATIONALUM,180.54
NAUKRI,1418
NAVA,492.5
NAVINFLUOR,4259
NAVKARCORP,113.46
NAVKARURB,2.42
NAVNETEDUL,140.71
NAZARA,1296
NBCC,123.35
NBIFIN,2588.2
NCC,231.19
NCLIND,214
NDGL,4310
NDL,4.04
NDLVENTURE,64.38
NDRAUTO,872
NDTV,163.95
NECCLTD,24
NECLIFE,27.06
NELCAST,137
NELCO,901
NEOGEN,1680
NESCO,926.65
NESTLEIND,2393.8
NETWEB,1998.4
NETWORK18,54.52
NEULANDLAB,11510
NEWGEN,1234.5
NEXTMEDIA,7
NFL,98.19
NGIL,29.1
NGLFINE,1138.5
NH,1738
NHPC,87.2
NIACL,185.75
NIBE,1759.1
NIBL,25.75
NIITLTD,135.9
NIITMTS,328.05
NILAINFRA,11.34
NILASPACES,11.2
NILKAMAL,1765.5
NINSYS,465.25
NIPPOBATRY,505
NIRAJ,58.88
NIRAJISPAT,267.16
NITCO,137
NITINSPIN,390.75
NITIRAJ,236.6
NIVABUPA,91.8
NKIND,66.87
NLCINDIA,242
NMDC,71.1
NOCIL,179.11
NOIDATOLL,4.2
NORBTEAEXP,35.55
NORTHARC,215
NOVAAGRI,48.88
NPST,2093
NRAIL,266
NRBBEARING,270
NRL,83.5
NSIL,7012
NSLNISP,38.03
NTPC,334.75
NTPCGREEN,111.59
NUCLEUS,1278
NURECA,255.52
NUVAMA,7167.5
NUVOCO,356.4
NYKAA,200.8
OAL,363.05
OBCL,55.28
OBEROIRLTY,1738.3
OCCL,200
OCCLLTD,95.29
ODIGMA,41.53
OFSS,8442
OIL,427
OILCOUNTUB,70.5
OLAELEC,50.85
OLECTRA,1228
OMAXAUTO,85
OMAXE,84.87
OMINFRAL,130
OMKARCHEM,6.53
ONELIFECAP,11.47
ONEPOINT,62.6
ONESOURCE,1882.5
ONGC,239.2
ONMOBILE,57.51
ONWARDTEC,295.45
OPTIEMUS,614.8
ORBTEXP,171.61
ORCHASP,3.16
ORCHPHARMA,630
ORICONENT,41.51
ORIENTALTL,13.49
ORIENTBELL,250
ORIENTCEM,350.2
ORIENTCER,35.76
ORIENTELEC,226.9
ORIENTHOT,147.7
ORIENTLTD,84.8
ORIENTPPR,28.48
ORIENTTECH,335.8
ORISSAMINE,5052
ORTINGLOBE,11.34
OSIAHYPER,23.24
OSWALAGRO,84.52
OSWALGREEN,40.6
OSWALSEEDS,14.32
PAGEIND,46175
PAISALO,30.41
PAKKA,177.6
PALASHSECU,122.12
PALREDTEC,56.06
PANACEABIO,530.05
PANACHE,212.5
PANAMAPET,361.95
PANSARI,248.95
PAR,101
PARACABLES,54.4
PARADEEP,175
PARAGMILK,211.96
PARAS,1593.8
PARASPETRO,2.73
PARKHOTELS,150.89
PARSVNATH,20.5
PASUPTAC,45.75
PATANJALI,1681
PATELENG,40.35
PATINTLOG,15.87
PAVNAIND,392.5
PAYTM,889
PCBL,396.7
PCJEWELLER,12.55
PDMJEPAPER,101.1
PDSL,440.1
PEARLPOLY,30.29
PEL,1105.5
PENIND,212.52
PENINLAND,29.66
PERSISTENT,5625
PETRONET,307.55
PFC,406.65
PFIZER,5582
PFOCUS,110.15
PFS,36.88
PGEL,771.1
PGHH,13600
PGHL,5760
PGIL,1458.1
PHOENIXLTD,1534.3
PIDILITIND,3125.2
PIGL,171.91
PIIND,3830
PILANIINVS,4685
PILITA,18.89
PIONEEREMB,42.61
PITTIENG,989.1
PIXTRANS,1661.3
PKTEA,746.65
PLASTIBLEN,215
PLATIND,255.15
PLAZACABLE,59.59
PNB,105.8
PNBGILTS,97.71
PNBHOUSING,1045.2
PNC,28.64
PNCINFRA,291.2
PNGJL,550.9
POCL,750.3
PODDARMENT,304
POKARNA,1070
POLICYBZR,1752.3
POLYCAB,5982
POLYMED,2249
POLYPLEX,1328.4
PONNIERODE,333.75
POONAWALLA,403
POWERGRID,289.7
POWERINDIA,19149
POWERMECH,3107.1
PPAP,236.5
PPL,410
PPLPHARMA,206.3
PRABHA,219.3
PRAENG,20.1
PRAJIND,478.9
PRAKASH,165.76
PRAKASHSTL,6.51
PRAXIS,12.97
PRECAM,191.93
PRECOT,548.2
PRECWIRE,182.5
PREMEXPLN,579
PREMIER,3.25
PREMIERENE,1059
PREMIERPOL,52.9
PRESTIGE,1484
PRICOLLTD,448.9
PRIMESECU,247
PRIMO,26.04
PRINCEPIPE,333.7
PRITI,96.78
PRITIKAUTO,18.33
PRIVISCL,2295
PROTEAN,961.5
PROZONER,35
PRSMJOHNSN,144.45
PRUDENT,2974
PRUDMOULI,36.5
PSB,32
PSPPROJECT,637.85
PTC,175.95
PTCIL,14997
PTL,40.8
PUNJABCHEM,1185
PURVA,262.9
PVP,23.51
PVRINOX,989
PVSL,125.11
PYRAMID,179
QPOWER,485.1
QUADFUTURE,448
QUESS,312.25
QUICKHEAL,286
RACE,263.3
RACLGEAR,948
RADAAN,4.07
RADHIKAJWE,85.6
RADIANTCMS,65.7
RADICO,2547
RADIOCITY,9.38
RAILTEL,395.9
RAIN,140.82
RAINBOW,1397
RAJESHEXPO,201
RAJMET,6.79
RAJRATAN,411
RAJRILTD,26.75
RAJSREESUG,47.5
RAJTV,44.7
RALLIS,316.44
RAMANEWS,43.03
RAMAPHO,114.57
RAMASTEEL,11.65
RAMCOCEM,970
RAMCOIND,257.5
RAMCOSYS,429.8
RAMKY,479.8
RAMRAT,666
RANASUG,16.07
RANEHOLDIN,1550
RATEGAIN,444
RATNAMANI,2841.3
RATNAVEER,169.6
RAYMOND,629
RAYMONDLSL,1017.1
RBA,81
RBLBANK,213.19
RBZJEWEL,146.89
RCF,149
RCOM,1.95
RECLTD,402.35
REDINGTON,258.9
REDTAPE,134.9
REFEX,453.15
REGENCERAM,39.8
RELAXO,436
RELCHEMQ,195.8
RELIABLE,79.33
RELIANCE,1417.9
RELIGARE,229.99
RELINFRA,328.55
RELTD,162.6
REMSONSIND,144
RENUKA,32.74
REPCOHOME,390.3
REPL,195
REPRO,565
RESPONIND,195.9
RETAIL,40.2
RGL,131
RHFL,5.04
RHIM,461
RHL,231.05
RICOAUTO,75.7
RIIL,936.05
RISHABH,297
RITCO,293.35
RITES,277
RKDL,30.4
RKEC,76.95
RKFORGE,607
RKSWAMY,189.89
RML,903
ROHLTD,361.05
ROLEXRINGS,1590
ROLLT,2.46
ROML,47.23
ROSSARI,663.75
ROSSELLIND,71.98
ROSSTECH,377
ROTO,267
ROUTE,948.95
RPEL,719.65
RPGLIFE,2178
RPOWER,58.09
RPPINFRA,155.19
RPPL,27.51
RPSGVENT,885
RPTECH,308.4
RRKABEL,1438
RSSOFTWARE,55.79
RSWM,174.9
RSYSTEMS,365.15
RTNINDIA,46.54
RTNPOWER,11.35
RUBFILA,79.98
RUBYMILLS,204.11
RUCHINFRA,8.44
RUCHIRA,136.55
RUPA,212.9
RUSHIL,29.6
RUSTOMJEE,535
RVHL,54
RVNL,405
RVTH,847
S&SPOWER,332
SABEVENTS,5.83
SABTNL,568.6
SADBHAV,14.42
SADBHIN,4.54
SADHNANIQ,20.65
SAFARI,2305
SAGARDEEP,28.88
SAGCEM,240
SAGILITY,39.39
SAH,106.98
SAHYADRI,291.15
SAIL,128.96
SAILIFE,749
SAKAR,315.05
SAKHTISUG,25.97
SAKSOFT,201
SAKUMA,3.1
SALASAR,9
SALONA,258.65
SALSTEEL,18.24
SALZERELEC,929.95
SAMBHAAV,7.35
SAMHI,191.8
SAMMAANCAP,123.83
SAMPANN,31.12
SANATHAN,467
SANCO,2.41
SANDESH,1197
SANDHAR,518
SANDUMA,481.95
SANGAMIND,407
SANGHIIND,61.59
SANGHVIMOV,291.5
SANGINITA,10.5
SANOFI,6199
SANOFICONR,5252
SANSERA,1360
SANSTAR,97.8
SANWARIA,0.38
SAPPHIRE,317.75
SARDAEN,437.5
SAREGAMA,540.15
SARLAPOLY,117.25
SARVESHWAR,7.11
SASKEN,1527.5
SASTASUNDR,266
SATIA,78.2
SATIN,155.7
SATINDLTD,87.31
SAURASHCEM,90
SBC,14.85
SBCL,493
SBFC,112.76
SBGLP,41
SBICARD,919.75
SBILIFE,1809
SBIN,814
SCHAEFFLER,4195
SCHAND,212.51
SCHNEIDER,752.5
SCI,201
SCILAL,52.65
SCPL,331
SDBL,143.7
SEAMECLTD,920
SECMARK,150
SECURKLOUD,24.97
SEJALLTD,520
SELAN,550.5
SELMC,38.44
SEMAC,374.9
SENCO,381.2
SENORES,522
SEPC,15.04
SEQUENT,191.2
SERVOTECH,123.7
SESHAPAPER,287.15
SETCO,19.7
SETUINFRA,0.76
SFL,627
SGIL,499.9
SGL,15.66
SGLTL,183.58
SHAH,3.12
SHAHALLOYS,56
SHAILY,2001.1
SHAKTIPUMP,857
SHALBY,187.6
SHALPAINTS,99.7
SHANKARA,817.95
SHANTI,22.74
SHANTIGEAR,491.2
SHARDACROP,739.9
SHARDAMOTR,1902
SHAREINDIA,173.99
SHEKHAWATI,23.64
SHEMAROO,109
SHILPAMED,898
SHIVALIK,587
SHIVAMAUTO,32
SHIVAMILLS,77.36
SHIVATEX,224
SHK,245.5
SHOPERSTOP,510
SHRADHA,58.52
SHREDIGCEM,82.4
SHREECEM,29690
SHREEPUSHK,303.44
SHREERAMA,42.59
SHRENIK,0.61
SHREYANIND,220.3
SHRIPISTON,2490.7
SHRIRAMFIN,639.35
SHRIRAMPPS,91.86
SHYAMCENT,8.46
SHYAMMETL,850.6
SHYAMTEL,13.4
SIEMENS,3267
SIGACHI,52.5
SIGIND,62.85
SIGMA,372
SIGNATURE,1215
SIGNPOST,195.07
SIKKO,76.99
SIL,19.2
SILGO,53.3
SILINV,607.5
SILLYMONKS,16.35
SILVERTUC,773
SIMBHALS,16.3
SIMPLEXINF,290
SINCLAIR,92.54
SINDHUTRAD,21.61
SINTERCOM,127
SIRCA,348
SIS,354.6
SITINET,0.51
SIYSIL,720
SJS,1105
SJVN,96.49
SKFINDIA,4699
SKIPPER,492.95
SKMEGGPROD,203.4
SKYGOLD,393
SMARTLINK,158.01
SMCGLOBAL,117.59
SMLISUZU,1887.1
SMLT,117.2
SMSLIFE,1310
SMSPHARMA,266.4
SNOWMAN,58.51
SOBHA,1420
SOFTTECH,350
SOLARA,481.2
SOLARINDS,16045
SOMANYCERA,475.35
SOMATEX,45.9
SOMICONVEY,186
SONACOMS,540.5
SONAMLTD,39.01
SONATSOFTW,409
SOTL,408.1
SOUTHBANK,29.45
SOUTHWEST,140
SPAL,805.15
SPANDANA,289.35
SPARC,185.7
SPCENET,8.7
SPECIALITY,132.8
SPECTRUM,1695
SPENCERS,64.35
SPIC,85.3
SPLIL,37.76
SPLPETRO,715.05
SPMLINFRA,184.9
SPORTKING,108.5
SRD,60.98
SREEL,247.67
SRF,2862
SRGHFL,311
SRHHYPOLTD,577
SRM,442.9
SRPL,0.87
SSDL,95
SSWL,237
STALLION,78.12
STANLEY,336.5
STAR,816
STARCEMENT,217.75
STARHEALTH,476.5
STARPAPER,175
STARTECK,285.3
STCINDIA,156.34
STEELCAS,1015.25
STEELCITY,101.55
STEELXIND,8.34
STEL,426.3
STERTOOLS,323
STLTECH,71.76
STOVEKRAFT,544
STYLAMIND,1637
STYLEBAAZA,259.8
STYRENIX,3146
SUBEXLTD,14.5
SUBROS,729.9
SUDARSCHEM,1170
SUKHJITS,193.17
SULA,294
SUMICHEM,506.55
SUMIT,97.91
SUMMITSEC,2041.5
SUNCLAY,2479.7
SUNDARAM,2.16
SUNDARMFIN,5125
SUNDARMHLD,381
SUNDRMBRAK,840
SUNDRMFAST,1026
SUNDROP,914.9
SUNFLAG,259.4
SUNPHARMA,1674.9
SUNTECK,415.2
SUNTV,628.9
SUPERHOUSE,180
SUPERSPIN,9.92
SUPRAJIT,419
SUPREME,106.5
SUPREMEENG,2.05
SUPREMEIND,4145
SUPREMEINF,89.6
SUPRIYA,727.9
SURAJEST,321
SURAJLTD,370.5
SURAKSHA,317.5
SURANASOL,37.5
SURANAT&P,20.2
SURYALAXMI,70
SURYAROSNI,330.6
SURYODAY,141.6
SUTLEJTEX,42.02
SUULD,3.04
SUVEN,241.25
SUVIDHAA,3.83
SUYOG,815
SUZLON,71.35
SVLL,710
SVPGLOB,3.63
SWANENERGY,434.55
SWARAJENG,3932
SWELECTES,561
SWIGGY,331.5
SWSOLAR,281.5
SYMPHONY,1217
SYNCOMF,22.04
SYNGENE,647
SYRMA,542
TAINWALCHM,209.99
TAJGVK,447.5
TAKE,8.71
TALBROAUTO,287.95
TANLA,616
TARACHAND,58.8
TARAPUR,25.91
TARC,168
TARIL,522.4
TARMAT,56.4
TARSONS,376.5
TASTYBITE,10550
TATACHEM,886.75
TATACOMM,1681.9
TATACONSUM,1109
TATAELXSI,6430.5
TATAINVEST,6716.5
TATAMOTORS,718.65
TATAPOWER,392.8
TATASTEEL,161
TATATECH,771
TATVA,904.3
TBOTEK,1305
TBZ,188.3
TCI,1121.6
TCIEXP,761
TCIFINANCE,12.7
TCPLPACK,4020
TCS,3460
TDPOWERSYS,520.5
TEAMLEASE,1914.9
TECHM,1573
TECHNOE,1411
TEGA,1645.1
TEJASNET,717.7
TEMBO,460.6
TERASOFT,260
TEXINFRA,96.99
TEXMOPIPES,62.01
TEXRAIL,159.45
TFCILTD,227.2
TFL,15.05
TGBHOTELS,11.01
THANGAMAYL,1927
THEINVEST,145.7
THEJO,1925
THEMISMED,135.5
THERMAX,3404
THOMASCOOK,173.1
THOMASCOTT,313.05
THYROCARE,1048
TI,370.6
TICL,26.5
TIIL,3114
TIINDIA,3042
TIJARIA,6.91
TIL,367.35
TIMESGTY,169
TIMETECHNO,378
TIMKEN,3126
TINNARUBR,970
TIPSFILMS,543
TIPSMUSIC,646.55
TIRUMALCHM,250
TIRUPATIFL,37.76
TITAGARH,891.45
TITAN,3550
TMB,449.75
TNPETRO,87.18
TNPL,163.43
TNTELE,9.5
TOKYOPLAST,137.94
TOLINS,134
TORNTPHARM,3158.9
TORNTPOWER,1375
TOTAL,84.4
TOUCHWOOD,89.85
TPHQ,0.71
TPLPLASTEH,81.95
TRACXN,57.45
TRANSRAILL,609.5
TRANSWORLD,296.25
TREEHOUSE,8.19
TREJHARA,251.3
TREL,33.5
TRENT,5625
TRF,379
TRIDENT,31.73
TRIGYN,87.02
TRITURBINE,580
TRIVENI,436.15
TRU,11.61
TTKHLTCARE,1212
TTKPRESTIG,622.5
TTL,14.88
TTML,72.69
TVSELECT,400.25
TVSHLTD,11800
TVSMOTOR,2800
TVSSCS,126.45
TVSSRICHAK,2913.7
TVTODAY,172
TVVISION,6.84
UBL,1979
UCAL,165.27
UCOBANK,33.02
UDAICEMENT,31
UDS,327
UFLEX,614.5
UFO,68.3
UGARSUGAR,47.4
UGROCAP,178.12
UJJIVANSFB,43
ULTRACEMCO,11176
UMAEXPORTS,67.22
UMANGDAIRY,79.49
UMESLTD,5.8
UMIYA-MRO,71.78
UNICHEMLAB,599
UNIDT,198.25
UNIECOM,134.1
UNIENTER,155.14
UNIINFO,20.6
UNIMECH,1295
UNIONBANK,147
UNIPARTS,354.6
UNITDSPR,1530
UNITECH,6.48
UNITEDPOLY,16.5
UNITEDTEA,423.9
UNIVASTU,223.8
UNIVCABLES,598.35
UNIVPHOTO,235.66
UNOMINDA,1003.5
UPL,625.55
URAVIDEF,533
URJA,15.17
USHAMART,310.05
USK,39.19
UTIAMC,1189
UTKARSHBNK,23
UTTAMSUGAR,308.75
UYFINCORP,17.74
V2RETAIL,1870
VADILALIND,5370
VAIBHAVGBL,255.6
VAISHALI,12.7
VAKRANGEE,9.74
VALIANTLAB,103
VALIANTORG,449.8
VARDHACRLC,45
VARDMNPOLY,12.9
VARROC,529
VASCONEQ,53.41
VASWANI,45
VBL,475.9
VCL,1
VEDL,436.5
VEEDOL,1697.9
VENKEYS,1614.8
VENTIVE,772.5
VENUSPIPES,1425.5
VENUSREM,436
VERANDA,206.6
VERTOZ,9.73
VESUVIUS,5900.1
VETO,132
VGUARD,379.95
VHL,4024
VHLTD,107.95
VIDHIING,442.05
VIJAYA,949
VIJIFIN,2.3
VIKASECO,2.4
VIKASLIFE,2.9
VIMTALABS,977
VINATIORGA,1845
VINCOFE,118.5
VINDHYATEL,1665
VINEETLAB,31.62
VINNY,1.42
VINYLINDIA,302.5
VIPCLOTHNG,40.83
VIPIND,366
VIPULLTD,11.51
VIRINCHI,23.26
VISAKAIND,86
VISASTEEL,31.97
VISHNU,542.05
VISHWARAJ,9.84
VIVIDHA,0.87
VLEGOV,62.58
VLSFINANCE,239.31
VMART,3410
VMM,125.3
VOLTAMP,8256
VOLTAS,1256
VPRPL,171.78
VRAJ,182.7
VRLLOG,569.9
VSSL,286.3
VSTIND,286.05
VSTL,153.33
VSTTILLERS,3807.9
VTL,492
WAAREEENER,2968
WAAREERTL,1051.5
WABAG,1618.2
WALCHANNAG,235.7
WANBURY,297.29
WCIL,103.25
WEALTH,894
WEBELSOLAR,1457.9
WEIZMANIND,117.65
WEL,179.4
WELCORP,932.9
WELENT,503.6
WELINV,910.05
WELSPUNLIV,132
WENDT,8485
WESTLIFE,668
WEWIN,46.29
WHEELS,734.5
WHIRLPOOL,1233.6
WILLAMAGOR,31.01
WINDLAS,922
WINDMACHIN,358.9
WINSOME,1.8
WIPL,154.95
WIPRO,249.6
WOCKPHARMA,1462
WONDERLA,658
WORTH,159.2
WSI,68.69
WSTCSTPAPR,481.05
XCHANGING,101.69
XELPMOC,100.49
XPROINDIA,1165
XTGLOBAL,34.37
YAARI,16.35
YASHO,1970
YATHARTH,504.45
YATRA,100.2
YESBANK,21.47
YUKEN,1033.25
ZAGGLE,432.95
ZEEL,130.2
ZEELEARN,8.45
ZEEMEDIA,14.1
ZENITHEXPO,270
ZENITHSTL,6.95
ZENSARTECH,830
ZENTEC,2137.1
ZFCVINDIA,13382
ZIMLAB,89.69
ZODIAC,524.5
ZODIACLOTH,114
ZOTA,1000.05
ZUARI,209
ZUARIIND,282.95
ZYDUSLIFE,926.05
ZYDUSWELL,1950
